03/01/2018 09:50:10,31.36,XiangFuren
03/01/2018 09:50:10,0,XiangFuren
03/01/2018 09:50:20,770.58,XiangFuren
03/01/2018 09:50:20,0,XiangFuren
03/01/2018 09:50:20,0,XiangFuren
03/01/2018 09:51:04,660.95,Main Outlet
03/27/2018 09:17:22,0,GloryFruits
03/29/2018 04:34:00,0,GloryFruits
03/29/2018 04:34:00,0,GloryFruits
03/02/2018 03:50:20,56,Main Outlet
03/01/2018 09:53:42,72,GloryFruits
03/01/2018 09:53:29,0,GloryFruits
03/01/2018 09:53:42,0,GloryFruits
03/01/2018 09:53:54,120,GloryFruits
03/01/2018 09:54:17,256,Main Outlet
03/01/2018 09:54:17,0,Main Outlet
03/01/2018 11:08:16,275.98,Main Outlet
03/01/2018 11:08:16,0,Main Outlet
03/01/2018 16:45:50,0,GloryFruits
03/01/2018 16:45:57,12,GloryFruits
03/01/2018 16:46:12,256,Main Outlet
03/01/2018 16:46:12,0,Main Outlet
03/01/2018 16:46:44,351.91,Main Outlet
03/01/2018 16:46:44,0,Main Outlet
03/01/2018 16:46:44,0,Main Outlet
03/05/2018 01:19:26,0,Cyber Port
03/05/2018 01:20:20,152.53,Cyber Port
03/05/2018 01:20:20,0,Cyber Port
03/05/2018 01:20:20,0,Cyber Port
03/04/2018 01:03:05,0,GloryFruits
03/04/2018 01:03:05,0,GloryFruits
03/06/2018 03:27:16,108.83,Cyber Port
03/06/2018 03:27:16,0,Cyber Port
03/04/2018 01:03:38,36,GloryFruits
03/04/2018 08:12:16,0,Cyber Port
03/04/2018 01:03:38,0,GloryFruits
03/04/2018 01:06:43,78,GloryFruits
03/04/2018 01:06:43,0,GloryFruits
03/04/2018 08:11:46,18,GloryFruits
03/05/2018 01:40:55,0,GloryFruits
03/04/2018 08:11:46,0,GloryFruits
03/05/2018 01:41:33,18,GloryFruits
03/04/2018 08:12:16,195.41,Cyber Port
03/05/2018 01:34:36,0,Main Outlet
03/04/2018 08:12:16,0,Cyber Port
03/04/2018 08:12:16,0,Cyber Port
03/04/2018 08:42:55,0,GloryFruits
03/04/2018 09:56:28,48,GloryFruits
03/04/2018 09:56:28,0,GloryFruits
03/04/2018 09:56:28,0,GloryFruits
03/04/2018 09:56:28,0,GloryFruits
03/04/2018 10:00:01,666.64,XiangFuren
03/04/2018 10:00:01,0,XiangFuren
03/05/2018 02:59:44,0,Main Outlet
03/05/2018 03:00:34,56,Main Outlet
03/05/2018 01:54:57,0,GloryFruits
03/05/2018 02:49:31,40,GloryFruits
03/05/2018 02:49:31,0,GloryFruits
03/05/2018 02:49:31,0,GloryFruits
03/05/2018 02:59:16,18,GloryFruits
03/05/2018 02:59:44,54.99,Main Outlet
03/05/2018 02:59:16,0,GloryFruits
03/05/2018 02:59:29,305.93,Main Outlet
03/05/2018 02:59:29,0,Main Outlet
03/05/2018 02:59:29,0,Main Outlet
03/05/2018 05:12:19,140,Cyber Port
03/05/2018 05:12:19,0,Cyber Port
03/05/2018 05:12:08,0,GloryFruits
03/05/2018 05:12:08,0,GloryFruits
03/06/2018 03:33:27,0,Main Outlet
03/06/2018 03:33:27,100.97,Main Outlet
03/07/2018 05:22:01,0,GloryFruits
03/13/2018 09:47:38,0,Cyber Port
03/13/2018 09:47:38,0,Cyber Port
03/12/2018 01:34:41,0,GloryFruits
03/12/2018 01:34:41,0,GloryFruits
03/08/2018 03:29:50,0,GloryFruits
03/08/2018 03:44:27,18,GloryFruits
03/09/2018 00:58:47,60,GloryFruits
03/09/2018 00:58:47,0,GloryFruits
03/08/2018 03:44:27,0,GloryFruits
03/08/2018 05:51:45,0,GloryFruits
03/08/2018 05:51:45,18,GloryFruits
03/08/2018 06:06:36,18,GloryFruits
03/08/2018 06:06:36,0,GloryFruits
03/08/2018 06:16:42,43,GloryFruits
03/08/2018 06:16:42,0,GloryFruits
03/08/2018 06:16:42,0,GloryFruits
03/13/2018 09:47:21,177.18,Cyber Port
03/08/2018 06:24:44,20,GloryFruits
03/08/2018 06:24:44,0,GloryFruits
03/08/2018 06:24:44,0,GloryFruits
03/09/2018 00:58:39,30,GloryFruits
03/09/2018 00:58:39,0,GloryFruits
03/10/2018 04:22:34,0,GloryFruits
03/10/2018 04:22:34,0,GloryFruits
03/12/2018 01:30:19,0,Cyber Port
03/12/2018 01:32:51,107.2,Cyber Port
03/12/2018 01:32:51,0,Cyber Port
03/12/2018 01:32:51,0,Cyber Port
03/14/2018 01:34:13,151.71,Cyber Port
03/14/2018 01:34:13,0,Cyber Port
03/13/2018 09:47:21,0,Cyber Port
03/13/2018 09:47:26,50,Cyber Port
03/13/2018 09:47:38,249.72,Cyber Port
03/13/2018 09:47:38,0,Cyber Port
03/10/2018 04:24:24,0,GloryFruits
03/07/2018 05:22:09,0,GloryFruits
03/12/2018 01:46:31,419.21,Main Outlet
03/13/2018 10:06:55,0,GloryFruits
03/13/2018 10:07:07,47,GloryFruits
03/13/2018 10:07:07,0,GloryFruits
03/14/2018 01:48:30,0,GloryFruits
03/14/2018 01:48:30,0,GloryFruits
03/14/2018 01:51:58,0,GloryFruits
03/14/2018 02:06:22,0,GloryFruits
03/14/2018 02:07:03,0,Main Outlet
03/14/2018 02:07:03,307.91,Main Outlet
03/15/2018 02:24:12,0,GloryFruits
03/15/2018 02:24:12,0,GloryFruits
03/16/2018 03:05:48,0,GloryFruits
03/16/2018 03:06:25,88,GloryFruits
03/16/2018 03:06:25,0,GloryFruits
03/16/2018 03:06:25,0,GloryFruits
03/16/2018 03:07:19,198.02,XiangFuren
03/17/2018 02:40:12,0,GloryFruits
03/16/2018 03:07:19,0,XiangFuren
03/17/2018 02:40:22,52,GloryFruits
03/17/2018 02:40:22,0,GloryFruits
03/18/2018 06:24:45,0,GloryFruits
03/17/2018 02:40:22,0,GloryFruits
03/18/2018 06:25:08,86,GloryFruits
03/18/2018 06:25:08,0,GloryFruits
03/18/2018 06:25:08,0,GloryFruits
03/18/2018 06:25:48,72,GloryFruits
03/18/2018 06:25:48,0,GloryFruits
03/18/2018 06:43:23,42,GloryFruits
03/18/2018 06:25:48,0,GloryFruits
03/18/2018 09:00:11,194,GloryFruits
03/18/2018 06:43:23,0,GloryFruits
03/18/2018 09:00:11,0,GloryFruits
03/18/2018 09:00:11,0,GloryFruits
03/18/2018 09:00:52,560.94,Main Outlet
03/20/2018 04:12:11,0,GloryFruits
03/20/2018 04:12:11,0,GloryFruits
03/18/2018 10:21:59,145.2,XiangFuren
03/18/2018 10:21:59,0,XiangFuren
03/22/2018 03:06:10,0,GloryFruits
03/22/2018 03:06:10,0,GloryFruits
03/22/2018 03:55:27,48,GloryFruits
03/22/2018 03:55:27,0,GloryFruits
03/22/2018 05:17:32,0,GloryFruits
03/22/2018 03:55:41,439.91,Main Outlet
03/23/2018 07:57:21,0,GloryFruits
03/22/2018 05:17:32,0,GloryFruits
03/23/2018 07:57:21,0,GloryFruits
03/23/2018 07:57:30,0,GloryFruits
03/23/2018 07:58:38,0,GloryFruits
03/23/2018 07:59:45,807.5,Main Outlet
03/29/2018 03:11:17,0,Cyber Port
03/23/2018 07:58:46,0,GloryFruits
03/26/2018 02:15:56,0,GloryFruits
03/26/2018 02:15:56,0,GloryFruits
03/26/2018 02:17:15,155.58,Cyber Port
03/27/2018 09:17:22,0,GloryFruits
03/27/2018 09:17:31,46,GloryFruits
03/27/2018 09:17:31,0,GloryFruits
03/29/2018 03:11:17,0,Cyber Port
03/27/2018 09:38:05,0,GloryFruits
03/29/2018 03:11:17,0,Cyber Port
03/29/2018 03:11:17,0,Cyber Port
03/28/2018 01:55:23,0,Cyber Port
03/29/2018 03:16:03,0,GloryFruits
03/29/2018 03:16:03,0,GloryFruits
03/29/2018 03:16:12,0,GloryFruits
03/29/2018 03:16:36,10,GloryFruits
03/29/2018 03:16:36,0,GloryFruits
03/29/2018 04:25:16,42,GloryFruits
03/29/2018 04:25:16,0,GloryFruits
03/29/2018 04:25:16,0,GloryFruits
03/29/2018 04:34:00,82,GloryFruits
03/29/2018 04:33:46,0,GloryFruits
03/29/2018 04:34:00,0,GloryFruits
03/01/2018 02:33:32,216.58,Main Outlet
03/06/2018 03:27:16,0,Cyber Port
03/09/2018 00:58:58,240,Cyber Port
03/09/2018 00:58:58,0,Cyber Port
03/02/2018 03:49:19,0,Main Outlet
03/01/2018 09:51:04,0,Main Outlet
03/02/2018 03:49:19,0,Main Outlet
03/01/2018 09:51:04,0,Main Outlet
03/02/2018 03:50:20,0,Main Outlet
03/01/2018 09:51:12,565.93,Main Outlet
03/01/2018 09:51:12,0,Main Outlet
03/01/2018 09:51:12,0,Main Outlet
03/02/2018 03:49:19,95.99,Main Outlet
03/01/2018 09:51:12,0,Main Outlet
03/01/2018 09:51:48,300,Cyber Port
03/01/2018 09:52:02,461.84,Cyber Port
03/01/2018 09:52:02,0,Cyber Port
03/01/2018 09:52:02,0,Cyber Port
03/01/2018 09:52:07,140,Cyber Port
03/01/2018 09:52:07,0,Cyber Port
03/01/2018 09:52:45,318,GloryFruits
03/01/2018 09:52:45,0,GloryFruits
03/01/2018 09:52:53,10.5,GloryFruits
03/01/2018 09:52:53,0,GloryFruits
03/01/2018 09:53:29,150,GloryFruits
03/01/2018 11:08:16,0,Main Outlet
03/01/2018 11:08:16,0,Main Outlet
03/01/2018 15:11:02,136.99,Main Outlet
03/01/2018 15:17:15,122.9,Main Outlet
03/01/2018 15:17:15,0,Main Outlet
03/01/2018 15:17:32,320,Cyber Port
03/01/2018 15:17:32,0,Cyber Port
03/01/2018 15:17:42,140,Cyber Port
03/01/2018 15:17:42,0,Cyber Port
03/01/2018 15:17:53,56,Main Outlet
03/01/2018 15:17:53,0,Main Outlet
03/01/2018 15:18:14,905.88,XiangFuren
03/01/2018 16:44:02,410,Cyber Port
03/01/2018 16:44:02,0,Cyber Port
03/01/2018 16:44:11,62.53,Cyber Port
03/01/2018 16:44:11,0,Cyber Port
03/01/2018 16:44:51,48,GloryFruits
03/01/2018 16:44:51,0,GloryFruits
03/01/2018 16:45:03,36,GloryFruits
03/01/2018 16:45:03,0,GloryFruits
03/01/2018 16:45:50,348,GloryFruits
03/01/2018 16:46:44,0,Main Outlet
03/01/2018 16:47:23,204.1,XiangFuren
03/01/2018 16:47:23,0,XiangFuren
03/01/2018 16:47:23,0,XiangFuren
03/03/2018 04:09:44,50,Cyber Port
03/02/2018 03:49:26,205.99,Main Outlet
03/03/2018 04:06:59,150.98,XiangFuren
03/02/2018 03:49:26,0,Main Outlet
03/02/2018 03:49:31,69,Main Outlet
03/02/2018 03:49:48,150.98,XiangFuren
03/03/2018 04:07:51,468.62,XiangFuren
03/02/2018 03:50:06,37.44,XiangFuren
03/02/2018 03:57:16,104.99,Main Outlet
03/02/2018 03:57:16,0,Main Outlet
03/03/2018 04:09:37,290,Cyber Port
03/02/2018 03:57:16,0,Main Outlet
03/03/2018 04:07:51,0,XiangFuren
03/02/2018 04:15:59,56,Main Outlet
03/03/2018 04:09:37,0,Cyber Port
03/02/2018 04:15:59,0,Main Outlet
03/02/2018 05:36:22,6,Main Outlet
03/02/2018 05:47:04,121.97,Main Outlet
03/02/2018 05:47:04,0,Main Outlet
03/02/2018 05:47:04,0,Main Outlet
03/02/2018 05:48:03,6,Main Outlet
03/02/2018 06:25:16,231.6,Main Outlet
03/02/2018 06:25:16,0,Main Outlet
03/02/2018 06:26:01,128.99,Main Outlet
03/02/2018 06:29:14,104.99,Main Outlet
03/02/2018 06:29:14,0,Main Outlet
03/02/2018 06:29:14,0,Main Outlet
03/02/2018 06:37:52,249.93,Main Outlet
03/02/2018 06:43:06,6,Main Outlet
03/02/2018 10:12:27,206,Main Outlet
03/02/2018 10:12:27,0,Main Outlet
03/02/2018 10:12:54,304.6,Main Outlet
03/02/2018 10:12:54,0,Main Outlet
03/02/2018 10:12:54,0,Main Outlet
03/02/2018 10:13:11,403.98,Main Outlet
03/02/2018 10:13:11,0,Main Outlet
03/02/2018 10:14:06,162,Main Outlet
03/02/2018 10:14:06,0,Main Outlet
03/02/2018 10:14:21,167.18,Cyber Port
03/02/2018 10:14:21,0,Cyber Port
03/02/2018 10:14:21,0,Cyber Port
03/04/2018 00:58:07,50,Cyber Port
03/04/2018 00:59:00,140,Cyber Port
03/04/2018 00:59:00,0,Cyber Port
03/04/2018 00:59:10,150,Cyber Port
03/04/2018 00:59:55,94.08,XiangFuren
03/09/2018 01:35:05,167.18,Cyber Port
03/04/2018 01:00:06,317.64,XiangFuren
03/04/2018 01:00:06,0,XiangFuren
03/04/2018 01:01:01,92,Main Outlet
03/04/2018 01:01:01,0,Main Outlet
03/04/2018 01:01:09,320.97,Main Outlet
03/04/2018 01:01:09,0,Main Outlet
03/04/2018 01:01:49,6,GloryFruits
03/04/2018 01:01:56,20,GloryFruits
03/04/2018 01:01:56,0,GloryFruits
03/04/2018 01:02:48,6,GloryFruits
03/04/2018 01:03:05,70,GloryFruits
03/05/2018 01:23:40,61.86,Cyber Port
03/04/2018 01:03:26,18,GloryFruits
03/04/2018 01:03:26,0,GloryFruits
03/05/2018 01:34:36,0,Main Outlet
03/05/2018 01:34:36,0,Main Outlet
03/04/2018 08:40:16,62,Main Outlet
03/04/2018 08:40:16,0,Main Outlet
03/04/2018 08:40:16,0,Main Outlet
03/04/2018 08:40:23,216.98,Main Outlet
03/04/2018 08:40:23,0,Main Outlet
03/04/2018 08:40:23,0,Main Outlet
03/04/2018 08:40:23,0,Main Outlet
03/04/2018 08:40:23,0,Main Outlet
03/04/2018 08:40:37,182.34,XiangFuren
03/04/2018 08:40:37,0,XiangFuren
03/04/2018 08:40:37,0,XiangFuren
03/04/2018 08:40:47,84.48,XiangFuren
03/04/2018 08:40:47,0,XiangFuren
03/04/2018 08:40:47,0,XiangFuren
03/04/2018 08:40:47,0,XiangFuren
03/04/2018 08:41:01,162,Main Outlet
03/04/2018 08:41:01,0,Main Outlet
03/04/2018 08:41:01,0,Main Outlet
03/04/2018 08:41:01,0,Main Outlet
03/04/2018 08:41:01,0,Main Outlet
03/04/2018 08:41:20,101.99,Main Outlet
03/04/2018 08:41:20,0,Main Outlet
03/04/2018 08:41:20,0,Main Outlet
03/04/2018 08:41:20,0,Main Outlet
03/04/2018 08:41:39,195.41,Cyber Port
03/04/2018 08:41:39,0,Cyber Port
03/04/2018 08:41:39,0,Cyber Port
03/04/2018 08:41:39,0,Cyber Port
03/04/2018 08:42:39,140,Cyber Port
03/04/2018 08:42:39,0,Cyber Port
03/04/2018 08:42:55,60,GloryFruits
03/04/2018 10:00:10,149.76,XiangFuren
03/04/2018 10:00:26,190,Cyber Port
03/04/2018 10:00:26,0,Cyber Port
03/04/2018 10:00:26,0,Cyber Port
03/04/2018 10:01:08,340,Cyber Port
03/04/2018 10:01:08,0,Cyber Port
03/04/2018 10:01:23,42,GloryFruits
03/04/2018 10:01:23,0,GloryFruits
03/04/2018 10:01:38,107,GloryFruits
03/04/2018 10:01:38,0,GloryFruits
03/04/2018 10:01:38,0,GloryFruits
03/04/2018 12:08:07,6,GloryFruits
03/04/2018 12:12:00,18,GloryFruits
03/04/2018 12:12:00,0,GloryFruits
03/04/2018 12:12:08,18,GloryFruits
03/04/2018 12:12:08,0,GloryFruits
03/05/2018 01:19:26,140,Cyber Port
03/05/2018 01:23:40,0,Cyber Port
03/05/2018 01:23:40,0,Cyber Port
03/05/2018 01:29:21,6.65,Cyber Port
03/05/2018 01:29:21,0,Cyber Port
03/05/2018 01:31:53,349,XiangFuren
03/05/2018 01:31:53,0,XiangFuren
03/05/2018 01:31:53,0,XiangFuren
03/09/2018 01:35:05,0,Cyber Port
03/05/2018 01:31:53,0,XiangFuren
03/09/2018 01:35:05,0,Cyber Port
03/05/2018 01:31:53,0,XiangFuren
03/09/2018 01:35:21,150,Cyber Port
03/05/2018 01:32:21,31.36,XiangFuren
03/05/2018 01:32:21,0,XiangFuren
03/18/2018 10:16:04,113.36,XiangFuren
03/18/2018 10:16:04,0,XiangFuren
03/18/2018 10:16:04,0,XiangFuren
03/18/2018 10:16:04,0,XiangFuren
03/19/2018 07:43:35,133.44,XiangFuren
03/19/2018 07:43:35,0,XiangFuren
03/19/2018 07:43:35,0,XiangFuren
03/20/2018 03:21:14,0,GloryFruits
03/19/2018 07:44:07,307.91,Cyber Port
03/20/2018 03:24:14,64,GloryFruits
03/19/2018 07:44:07,0,Cyber Port
03/20/2018 03:24:14,0,GloryFruits
03/19/2018 07:44:07,0,Cyber Port
03/19/2018 07:44:07,0,Cyber Port
03/19/2018 07:44:23,517.84,Cyber Port
03/19/2018 07:44:23,0,Cyber Port
03/05/2018 01:34:36,181.99,Main Outlet
03/05/2018 01:34:36,0,Main Outlet
03/05/2018 01:37:13,56,Main Outlet
03/05/2018 01:37:13,0,Main Outlet
03/05/2018 01:37:07,210.6,Main Outlet
03/05/2018 01:37:07,0,Main Outlet
03/05/2018 01:37:56,90,Cyber Port
03/05/2018 01:37:50,5.89,Cyber Port
03/05/2018 01:37:50,0,Cyber Port
03/05/2018 01:37:50,0,Cyber Port
03/05/2018 01:38:10,12,GloryFruits
03/05/2018 01:40:55,18,GloryFruits
03/05/2018 01:41:33,0,GloryFruits
03/05/2018 01:54:57,18,GloryFruits
03/05/2018 03:00:34,0,Main Outlet
03/05/2018 03:15:18,104.99,Main Outlet
03/05/2018 03:15:18,0,Main Outlet
03/05/2018 03:15:18,0,Main Outlet
03/05/2018 04:18:42,101.98,Main Outlet
03/05/2018 04:18:42,0,Main Outlet
03/05/2018 04:18:42,0,Main Outlet
03/05/2018 04:18:53,45.98,Main Outlet
03/05/2018 04:19:04,166.66,XiangFuren
03/05/2018 04:19:04,0,XiangFuren
03/05/2018 05:11:25,150.98,XiangFuren
03/05/2018 05:11:36,156,Main Outlet
03/05/2018 05:11:36,0,Main Outlet
03/05/2018 05:11:49,18,GloryFruits
03/05/2018 05:11:49,0,GloryFruits
03/05/2018 05:11:56,36,GloryFruits
03/05/2018 05:11:56,0,GloryFruits
03/05/2018 05:12:08,26,GloryFruits
03/05/2018 09:09:34,290,Cyber Port
03/05/2018 09:09:34,0,Cyber Port
03/05/2018 09:09:51,198.02,XiangFuren
03/05/2018 09:09:51,0,XiangFuren
03/05/2018 09:09:58,15.68,XiangFuren
03/05/2018 09:10:09,56,Main Outlet
03/05/2018 09:10:09,0,Main Outlet
03/05/2018 09:10:15,51.98,Main Outlet
03/05/2018 09:10:15,0,Main Outlet
03/05/2018 09:10:23,51.98,Main Outlet
03/05/2018 09:10:23,0,Main Outlet
03/05/2018 09:10:37,30,GloryFruits
03/05/2018 09:10:37,0,GloryFruits
03/05/2018 09:10:43,4,GloryFruits
03/05/2018 09:32:16,18,GloryFruits
03/05/2018 09:32:16,0,GloryFruits
03/06/2018 03:29:24,50,Cyber Port
03/06/2018 03:31:10,50,GloryFruits
03/06/2018 03:31:10,0,GloryFruits
03/10/2018 04:22:24,0,GloryFruits
03/06/2018 03:31:10,0,GloryFruits
03/06/2018 03:31:26,30,GloryFruits
03/06/2018 03:32:16,161,GloryFruits
03/06/2018 03:32:16,0,GloryFruits
03/06/2018 03:33:27,0,Main Outlet
03/10/2018 04:22:34,48,GloryFruits
03/06/2018 03:34:05,542.9,Main Outlet
03/06/2018 03:34:05,0,Main Outlet
03/06/2018 03:34:05,0,Main Outlet
03/06/2018 03:34:05,0,Main Outlet
03/06/2018 03:34:05,0,Main Outlet
03/06/2018 03:34:15,569.59,Main Outlet
03/06/2018 03:34:15,0,Main Outlet
03/06/2018 03:34:15,0,Main Outlet
03/06/2018 03:34:37,185.98,Main Outlet
03/06/2018 03:34:37,0,Main Outlet
03/06/2018 03:35:33,150.98,XiangFuren
03/06/2018 03:36:54,317.64,XiangFuren
03/06/2018 03:36:54,0,XiangFuren
03/06/2018 03:36:54,0,XiangFuren
03/06/2018 04:17:46,635.28,XiangFuren
03/06/2018 04:17:46,0,XiangFuren
03/06/2018 04:17:46,0,XiangFuren
03/06/2018 04:17:46,0,XiangFuren
03/06/2018 04:18:02,306.96,Main Outlet
03/06/2018 04:18:02,0,Main Outlet
03/06/2018 04:18:02,0,Main Outlet
03/06/2018 04:18:02,0,Main Outlet
03/06/2018 04:18:02,0,Main Outlet
03/07/2018 05:20:34,190,Cyber Port
03/07/2018 05:20:34,0,Cyber Port
03/07/2018 05:20:44,61.71,Cyber Port
03/07/2018 05:20:44,0,Cyber Port
03/07/2018 05:20:44,0,Cyber Port
03/07/2018 05:21:18,18,GloryFruits
03/07/2018 05:21:18,0,GloryFruits
03/07/2018 05:21:29,80.5,GloryFruits
03/07/2018 05:21:29,0,GloryFruits
03/07/2018 05:21:29,0,GloryFruits
03/07/2018 05:21:29,0,GloryFruits
03/07/2018 05:21:29,0,GloryFruits
03/07/2018 05:21:29,0,GloryFruits
03/07/2018 05:21:35,18,GloryFruits
03/07/2018 05:21:35,0,GloryFruits
03/07/2018 05:22:01,63,GloryFruits
03/07/2018 05:22:01,0,GloryFruits
03/07/2018 05:22:09,40,GloryFruits
03/07/2018 05:22:09,0,GloryFruits
03/07/2018 05:22:49,104.99,Main Outlet
03/07/2018 05:22:49,0,Main Outlet
03/07/2018 05:22:49,0,Main Outlet
03/07/2018 05:22:55,301.91,Main Outlet
03/07/2018 05:22:55,0,Main Outlet
03/07/2018 05:22:55,0,Main Outlet
03/07/2018 05:23:06,591.77,Main Outlet
03/07/2018 05:23:06,0,Main Outlet
03/07/2018 05:23:06,0,Main Outlet
03/07/2018 05:23:06,0,Main Outlet
03/07/2018 05:23:06,0,Main Outlet
03/07/2018 05:23:37,182.34,XiangFuren
03/07/2018 05:23:37,0,XiangFuren
03/07/2018 05:23:37,0,XiangFuren
03/07/2018 05:23:43,166.66,XiangFuren
03/07/2018 05:23:43,0,XiangFuren
03/07/2018 05:23:53,241.54,XiangFuren
03/07/2018 05:23:53,0,XiangFuren
03/07/2018 05:23:53,0,XiangFuren
03/07/2018 05:23:53,0,XiangFuren
03/08/2018 03:12:48,317.64,XiangFuren
03/08/2018 03:12:48,0,XiangFuren
03/08/2018 03:12:48,0,XiangFuren
03/08/2018 03:12:56,355.08,XiangFuren
03/08/2018 03:12:56,0,XiangFuren
03/08/2018 03:12:56,0,XiangFuren
03/08/2018 03:13:02,15.68,XiangFuren
03/08/2018 03:13:40,355.84,Cyber Port
03/08/2018 03:13:40,0,Cyber Port
03/08/2018 03:13:40,0,Cyber Port
03/08/2018 03:13:48,354.54,Cyber Port
03/08/2018 03:13:48,0,Cyber Port
03/08/2018 03:13:48,0,Cyber Port
03/08/2018 03:13:58,78.99,Cyber Port
03/08/2018 03:13:58,0,Cyber Port
03/08/2018 03:13:58,0,Cyber Port
03/08/2018 03:14:39,30,GloryFruits
03/08/2018 03:14:39,0,GloryFruits
03/08/2018 03:14:56,82,GloryFruits
03/08/2018 03:14:56,0,GloryFruits
03/08/2018 03:14:56,0,GloryFruits
03/08/2018 03:14:56,0,GloryFruits
03/08/2018 03:14:56,0,GloryFruits
03/08/2018 03:15:10,84,GloryFruits
03/08/2018 03:15:10,0,GloryFruits
03/08/2018 03:15:10,0,GloryFruits
03/08/2018 03:15:10,0,GloryFruits
03/08/2018 03:15:10,0,GloryFruits
03/08/2018 03:15:19,28,GloryFruits
03/08/2018 03:15:19,0,GloryFruits
03/08/2018 03:29:50,53,GloryFruits
03/08/2018 03:29:50,0,GloryFruits
03/09/2018 01:35:11,49.16,Cyber Port
03/14/2018 01:34:13,0,Cyber Port
03/09/2018 01:35:11,0,Cyber Port
03/09/2018 01:35:34,39.71,Cyber Port
03/09/2018 01:35:34,0,Cyber Port
03/09/2018 01:35:47,64.34,Cyber Port
03/09/2018 01:35:47,0,Cyber Port
03/09/2018 01:35:47,0,Cyber Port
03/09/2018 01:37:23,140,Cyber Port
03/09/2018 01:37:23,0,Cyber Port
03/09/2018 01:39:32,290,Cyber Port
03/09/2018 01:39:32,0,Cyber Port
03/09/2018 01:40:16,31.36,XiangFuren
03/09/2018 01:40:16,0,XiangFuren
03/09/2018 01:42:48,6,Main Outlet
03/09/2018 01:42:20,150.98,XiangFuren
03/09/2018 01:42:36,166.66,XiangFuren
03/09/2018 01:42:36,0,XiangFuren
03/09/2018 01:44:28,18,GloryFruits
03/09/2018 01:44:28,0,GloryFruits
03/09/2018 01:43:46,101.98,Main Outlet
03/09/2018 01:43:46,0,Main Outlet
03/09/2018 01:43:46,0,Main Outlet
03/09/2018 01:44:00,104.99,Main Outlet
03/09/2018 01:44:00,0,Main Outlet
03/09/2018 01:44:00,0,Main Outlet
03/09/2018 01:44:11,424.91,Main Outlet
03/09/2018 01:44:11,0,Main Outlet
03/09/2018 01:44:11,0,Main Outlet
03/09/2018 01:44:11,0,Main Outlet
03/09/2018 01:44:11,0,Main Outlet
03/09/2018 01:45:14,42,GloryFruits
03/09/2018 01:45:14,0,GloryFruits
03/09/2018 01:45:01,54,GloryFruits
03/09/2018 01:45:01,0,GloryFruits
03/09/2018 01:45:01,0,GloryFruits
03/09/2018 01:46:08,66,GloryFruits
03/09/2018 01:46:08,0,GloryFruits
03/09/2018 01:46:31,42,GloryFruits
03/09/2018 01:46:31,0,GloryFruits
03/09/2018 06:19:20,18,GloryFruits
03/09/2018 06:19:20,0,GloryFruits
03/09/2018 06:19:34,513.52,Main Outlet
03/09/2018 06:19:34,0,Main Outlet
03/09/2018 06:19:34,0,Main Outlet
03/09/2018 06:19:34,0,Main Outlet
03/09/2018 06:19:34,0,Main Outlet
03/09/2018 06:19:44,583.85,Main Outlet
03/09/2018 06:19:44,0,Main Outlet
03/09/2018 06:19:44,0,Main Outlet
03/09/2018 06:19:44,0,Main Outlet
03/09/2018 06:19:58,182.34,XiangFuren
03/09/2018 06:19:58,0,XiangFuren
03/09/2018 06:19:58,0,XiangFuren
03/09/2018 06:20:14,230,Cyber Port
03/09/2018 06:20:14,0,Cyber Port
03/09/2018 06:21:27,282.48,Cyber Port
03/09/2018 06:21:27,0,Cyber Port
03/09/2018 06:21:27,0,Cyber Port
03/09/2018 06:21:27,0,Cyber Port
03/09/2018 06:21:27,0,Cyber Port
03/09/2018 06:21:38,23.22,Cyber Port
03/09/2018 06:21:38,0,Cyber Port
03/09/2018 06:21:52,166.66,XiangFuren
03/09/2018 06:21:52,0,XiangFuren
03/09/2018 09:06:47,15.68,XiangFuren
03/09/2018 09:06:53,166.66,XiangFuren
03/09/2018 09:06:53,0,XiangFuren
03/09/2018 09:06:59,37.44,XiangFuren
03/09/2018 09:14:36,166.66,XiangFuren
03/09/2018 09:14:36,0,XiangFuren
03/09/2018 09:14:41,150.98,XiangFuren
03/09/2018 09:14:47,37.44,XiangFuren
03/09/2018 09:14:53,15.68,XiangFuren
03/09/2018 09:14:58,150.98,XiangFuren
03/09/2018 09:15:06,15.68,XiangFuren
03/09/2018 09:15:19,15.68,XiangFuren
03/09/2018 09:15:26,31.36,XiangFuren
03/09/2018 09:15:32,47.04,XiangFuren
03/09/2018 09:15:42,150.98,XiangFuren
03/09/2018 09:16:05,62,Main Outlet
03/09/2018 09:16:05,0,Main Outlet
03/09/2018 09:16:13,642.55,Main Outlet
03/09/2018 09:16:13,0,Main Outlet
03/09/2018 09:16:13,0,Main Outlet
03/09/2018 09:16:13,0,Main Outlet
03/09/2018 09:16:19,94.97,Main Outlet
03/09/2018 09:16:19,0,Main Outlet
03/09/2018 09:16:27,154.99,Main Outlet
03/09/2018 09:16:27,0,Main Outlet
03/09/2018 09:16:27,0,Main Outlet
03/09/2018 09:17:59,670.93,Main Outlet
03/09/2018 09:17:59,0,Main Outlet
03/09/2018 09:17:59,0,Main Outlet
03/09/2018 09:18:07,254,Main Outlet
03/09/2018 09:18:07,0,Main Outlet
03/09/2018 09:18:23,590.91,Main Outlet
03/09/2018 09:18:23,0,Main Outlet
03/09/2018 09:18:23,0,Main Outlet
03/09/2018 09:18:23,0,Main Outlet
03/09/2018 09:18:23,0,Main Outlet
03/09/2018 09:18:32,179.96,Main Outlet
03/09/2018 09:18:32,0,Main Outlet
03/09/2018 09:18:32,0,Main Outlet
03/09/2018 09:45:54,15.68,XiangFuren
03/09/2018 09:46:02,37.44,XiangFuren
03/09/2018 09:46:11,140,Cyber Port
03/09/2018 09:46:11,0,Cyber Port
03/09/2018 10:59:57,50,Cyber Port
03/10/2018 04:22:24,18,GloryFruits
03/10/2018 04:23:30,165,GloryFruits
03/10/2018 04:23:30,0,GloryFruits
03/10/2018 04:23:30,0,GloryFruits
03/10/2018 04:24:01,48,GloryFruits
03/10/2018 04:24:01,0,GloryFruits
03/11/2018 08:31:53,253.97,Main Outlet
03/10/2018 04:24:01,0,GloryFruits
03/10/2018 04:24:24,69,GloryFruits
03/10/2018 04:24:24,0,GloryFruits
03/10/2018 04:25:23,211.66,Cyber Port
03/10/2018 04:25:23,0,Cyber Port
03/10/2018 04:25:23,0,Cyber Port
03/10/2018 04:25:23,0,Cyber Port
03/10/2018 04:25:28,50,Cyber Port
03/10/2018 04:25:33,50,Cyber Port
03/10/2018 04:26:27,62,Main Outlet
03/10/2018 04:26:27,0,Main Outlet
03/10/2018 04:26:34,115.97,Main Outlet
03/10/2018 04:26:34,0,Main Outlet
03/10/2018 04:26:48,236.99,Main Outlet
03/10/2018 04:26:48,0,Main Outlet
03/10/2018 04:27:42,213.7,XiangFuren
03/10/2018 04:27:42,0,XiangFuren
03/10/2018 05:02:23,213.7,XiangFuren
03/10/2018 05:02:23,0,XiangFuren
03/10/2018 05:02:39,288.97,Main Outlet
03/10/2018 05:02:39,0,Main Outlet
03/10/2018 05:02:39,0,Main Outlet
03/10/2018 05:02:39,0,Main Outlet
03/10/2018 14:39:37,6,Main Outlet
03/11/2018 08:31:53,0,Main Outlet
03/12/2018 01:30:19,140,Cyber Port
03/11/2018 08:31:53,0,Main Outlet
03/11/2018 08:31:53,0,Main Outlet
03/11/2018 08:32:45,468.62,XiangFuren
03/11/2018 08:32:45,0,XiangFuren
03/11/2018 08:32:52,15.68,XiangFuren
03/11/2018 08:33:30,72,GloryFruits
03/11/2018 08:33:30,0,GloryFruits
03/11/2018 08:33:30,0,GloryFruits
03/11/2018 08:34:16,336,GloryFruits
03/11/2018 08:34:16,0,GloryFruits
03/11/2018 08:34:27,50,Cyber Port
03/11/2018 08:34:56,416.3,Cyber Port
03/11/2018 08:34:56,0,Cyber Port
03/11/2018 08:34:56,0,Cyber Port
03/11/2018 08:35:51,140,Cyber Port
03/11/2018 08:35:51,0,Cyber Port
03/11/2018 08:36:24,230.87,Cyber Port
03/11/2018 08:36:24,0,Cyber Port
03/11/2018 08:36:24,0,Cyber Port
03/11/2018 08:36:24,0,Cyber Port
03/12/2018 01:32:51,0,Cyber Port
03/14/2018 01:31:58,1.81,Cyber Port
03/12/2018 01:32:55,71.98,Cyber Port
03/15/2018 02:14:42,166.66,XiangFuren
03/12/2018 01:32:55,0,Cyber Port
03/12/2018 01:33:24,36,GloryFruits
03/12/2018 01:33:24,0,GloryFruits
03/12/2018 01:34:25,30,GloryFruits
03/12/2018 01:34:25,0,GloryFruits
03/12/2018 01:34:41,60,GloryFruits
03/12/2018 01:35:13,170,GloryFruits
03/12/2018 01:35:13,0,GloryFruits
03/12/2018 01:35:13,0,GloryFruits
03/12/2018 01:35:13,0,GloryFruits
03/12/2018 01:45:45,18,GloryFruits
03/12/2018 01:45:45,0,GloryFruits
03/12/2018 01:46:31,0,Main Outlet
03/12/2018 01:46:31,0,Main Outlet
03/12/2018 01:46:31,0,Main Outlet
03/12/2018 01:46:41,472.51,Main Outlet
03/12/2018 01:46:41,0,Main Outlet
03/12/2018 01:46:41,0,Main Outlet
03/12/2018 01:47:49,166.66,XiangFuren
03/12/2018 01:47:49,0,XiangFuren
03/12/2018 01:47:55,166.66,XiangFuren
03/12/2018 01:47:55,0,XiangFuren
03/12/2018 01:48:02,166.66,XiangFuren
03/12/2018 01:48:02,0,XiangFuren
03/12/2018 01:48:33,31.36,XiangFuren
03/12/2018 01:48:33,0,XiangFuren
03/12/2018 01:48:39,150.98,XiangFuren
03/13/2018 04:48:08,150.98,XiangFuren
03/13/2018 09:47:38,0,Cyber Port
03/15/2018 02:14:42,0,XiangFuren
03/13/2018 09:47:38,0,Cyber Port
03/15/2018 02:18:41,0,Cyber Port
03/13/2018 09:47:38,0,Cyber Port
03/15/2018 02:19:22,38,GloryFruits
03/13/2018 10:06:26,92,GloryFruits
03/15/2018 02:18:41,161.98,Cyber Port
03/13/2018 10:06:26,0,GloryFruits
03/15/2018 02:18:41,0,Cyber Port
03/13/2018 10:06:26,0,GloryFruits
03/15/2018 02:19:22,0,GloryFruits
03/13/2018 10:06:26,0,GloryFruits
03/13/2018 10:06:26,0,GloryFruits
03/13/2018 10:06:55,62,GloryFruits
03/13/2018 10:06:55,0,GloryFruits
03/13/2018 10:07:07,0,GloryFruits
03/13/2018 10:07:07,0,GloryFruits
03/13/2018 10:07:39,258.96,Main Outlet
03/13/2018 10:07:39,0,Main Outlet
03/13/2018 10:07:39,0,Main Outlet
03/13/2018 10:07:39,0,Main Outlet
03/13/2018 10:07:56,459.94,Main Outlet
03/13/2018 10:07:56,0,Main Outlet
03/13/2018 10:07:56,0,Main Outlet
03/13/2018 10:08:11,619.6,XiangFuren
03/13/2018 10:08:11,0,XiangFuren
03/13/2018 10:08:11,0,XiangFuren
03/13/2018 10:08:19,301.96,XiangFuren
03/13/2018 10:08:24,37.44,XiangFuren
03/13/2018 10:08:32,213.7,XiangFuren
03/13/2018 10:08:32,0,XiangFuren
03/13/2018 10:08:32,0,XiangFuren
03/13/2018 10:10:58,15.68,XiangFuren
03/14/2018 01:34:13,0,Cyber Port
03/14/2018 01:34:59,26,GloryFruits
03/14/2018 01:34:59,0,GloryFruits
03/15/2018 02:19:22,0,GloryFruits
03/14/2018 01:34:59,0,GloryFruits
03/14/2018 01:35:08,52,GloryFruits
03/14/2018 01:35:08,0,GloryFruits
03/14/2018 01:48:30,146,GloryFruits
03/14/2018 01:48:30,0,GloryFruits
03/14/2018 01:48:30,0,GloryFruits
03/14/2018 01:51:58,34,GloryFruits
03/14/2018 02:06:22,18,GloryFruits
03/14/2018 02:07:03,0,Main Outlet
03/14/2018 02:07:09,95.99,Main Outlet
03/14/2018 02:07:09,0,Main Outlet
03/14/2018 02:07:09,0,Main Outlet
03/14/2018 02:07:46,89.99,Main Outlet
03/14/2018 02:07:46,0,Main Outlet
03/14/2018 02:34:11,56,Main Outlet
03/14/2018 02:34:11,0,Main Outlet
03/14/2018 02:34:21,161.61,Main Outlet
03/14/2018 10:10:18,1207.84,XiangFuren
03/14/2018 10:10:18,0,XiangFuren
03/14/2018 10:10:28,149.76,XiangFuren
03/14/2018 10:10:54,113.2,Cyber Port
03/14/2018 10:10:54,0,Cyber Port
03/14/2018 10:10:54,0,Cyber Port
03/14/2018 10:10:54,0,Cyber Port
03/14/2018 10:10:54,0,Cyber Port
03/17/2018 02:38:33,156.27,Cyber Port
03/15/2018 02:22:01,40,GloryFruits
03/17/2018 02:38:33,0,Cyber Port
03/15/2018 02:22:01,0,GloryFruits
03/17/2018 07:49:01,20.64,Cyber Port
03/15/2018 02:22:01,0,GloryFruits
03/21/2018 16:00:43,140,Cyber Port
03/15/2018 02:22:27,98,GloryFruits
03/23/2018 07:55:26,428.83,Cyber Port
03/15/2018 02:22:27,0,GloryFruits
03/23/2018 07:55:26,0,Cyber Port
03/15/2018 02:22:36,46,GloryFruits
03/18/2018 10:21:59,0,XiangFuren
03/15/2018 02:22:36,0,GloryFruits
03/23/2018 07:55:26,0,Cyber Port
03/15/2018 02:22:46,4,GloryFruits
03/15/2018 02:24:12,42,GloryFruits
03/15/2018 02:24:59,320.98,Main Outlet
03/15/2018 02:24:59,0,Main Outlet
03/15/2018 02:24:59,0,Main Outlet
03/15/2018 02:25:14,918.84,Main Outlet
03/15/2018 02:25:14,0,Main Outlet
03/15/2018 02:25:14,0,Main Outlet
03/15/2018 02:25:14,0,Main Outlet
03/15/2018 02:25:14,0,Main Outlet
03/15/2018 08:01:55,5.41,Cyber Port
03/15/2018 08:02:18,774.15,Main Outlet
03/15/2018 08:02:18,0,Main Outlet
03/15/2018 08:02:18,0,Main Outlet
03/15/2018 08:02:18,0,Main Outlet
03/15/2018 08:02:30,278.99,Main Outlet
03/15/2018 08:02:41,69,Main Outlet
03/15/2018 08:02:55,386.92,Main Outlet
03/15/2018 08:02:55,0,Main Outlet
03/15/2018 08:03:18,31.36,XiangFuren
03/15/2018 08:03:18,0,XiangFuren
03/15/2018 08:03:57,204.1,XiangFuren
03/15/2018 08:03:57,0,XiangFuren
03/15/2018 08:03:57,0,XiangFuren
03/15/2018 08:25:01,45,GloryFruits
03/16/2018 02:44:59,217.61,Main Outlet
03/16/2018 02:44:59,0,Main Outlet
03/16/2018 02:44:59,0,Main Outlet
03/16/2018 02:45:10,533.93,Main Outlet
03/16/2018 02:45:10,0,Main Outlet
03/16/2018 02:45:10,0,Main Outlet
03/16/2018 02:45:10,0,Main Outlet
03/16/2018 02:46:14,398.77,Cyber Port
03/16/2018 02:46:14,0,Cyber Port
03/16/2018 02:46:14,0,Cyber Port
03/16/2018 02:46:14,0,Cyber Port
03/16/2018 02:46:14,0,Cyber Port
03/16/2018 02:46:53,302.93,Cyber Port
03/16/2018 02:46:53,0,Cyber Port
03/16/2018 02:46:53,0,Cyber Port
03/16/2018 03:04:16,60,GloryFruits
03/16/2018 03:04:16,0,GloryFruits
03/16/2018 03:04:16,0,GloryFruits
03/16/2018 03:04:32,40.5,GloryFruits
03/16/2018 03:04:32,0,GloryFruits
03/16/2018 03:04:32,0,GloryFruits
03/16/2018 03:04:32,0,GloryFruits
03/16/2018 03:04:32,0,GloryFruits
03/16/2018 03:04:32,0,GloryFruits
03/16/2018 03:05:33,50,GloryFruits
03/16/2018 03:05:33,0,GloryFruits
03/16/2018 03:05:33,0,GloryFruits
03/16/2018 03:05:48,48,GloryFruits
03/16/2018 03:05:48,0,GloryFruits
03/16/2018 03:06:25,0,GloryFruits
03/16/2018 03:06:34,26.5,GloryFruits
03/16/2018 03:06:34,0,GloryFruits
03/16/2018 03:06:34,0,GloryFruits
03/16/2018 03:06:34,0,GloryFruits
03/16/2018 03:06:42,32,GloryFruits
03/16/2018 03:07:19,0,XiangFuren
03/16/2018 03:07:30,619.6,XiangFuren
03/16/2018 03:07:30,0,XiangFuren
03/16/2018 03:07:30,0,XiangFuren
03/16/2018 06:16:53,0,XiangFuren
03/16/2018 06:17:08,166.66,XiangFuren
03/16/2018 06:36:28,0,XiangFuren
03/16/2018 08:29:04,20.3,XiangFuren
03/16/2018 08:29:04,0,XiangFuren
03/16/2018 08:29:04,0,XiangFuren
03/16/2018 06:17:08,0,XiangFuren
03/16/2018 06:36:28,0,XiangFuren
03/16/2018 06:36:28,0,XiangFuren
03/16/2018 06:36:28,258.34,XiangFuren
03/16/2018 06:16:53,21.56,XiangFuren
03/16/2018 06:16:53,0,XiangFuren
03/17/2018 02:38:33,0,Cyber Port
03/17/2018 02:38:33,0,Cyber Port
03/17/2018 02:38:52,32,GloryFruits
03/17/2018 02:38:52,0,GloryFruits
03/17/2018 02:38:52,0,GloryFruits
03/17/2018 02:38:52,0,GloryFruits
03/17/2018 02:39:25,64,GloryFruits
03/17/2018 02:39:25,0,GloryFruits
03/17/2018 02:39:25,0,GloryFruits
03/27/2018 09:00:16,18,GloryFruits
03/17/2018 02:39:33,6,GloryFruits
03/27/2018 09:00:16,0,GloryFruits
03/17/2018 02:40:12,42,GloryFruits
03/17/2018 02:40:12,0,GloryFruits
03/17/2018 02:40:22,0,GloryFruits
03/17/2018 02:40:58,304.99,Main Outlet
03/17/2018 02:40:58,0,Main Outlet
03/17/2018 02:40:58,0,Main Outlet
03/17/2018 02:41:10,598.89,Main Outlet
03/17/2018 02:41:10,0,Main Outlet
03/17/2018 02:41:10,0,Main Outlet
03/17/2018 02:41:10,0,Main Outlet
03/17/2018 02:41:10,0,Main Outlet
03/17/2018 02:41:48,107.34,XiangFuren
03/17/2018 02:41:48,0,XiangFuren
03/17/2018 02:41:48,0,XiangFuren
03/17/2018 02:41:48,0,XiangFuren
03/17/2018 02:45:03,105.68,XiangFuren
03/17/2018 02:45:03,0,XiangFuren
03/17/2018 03:59:12,92.94,XiangFuren
03/17/2018 03:59:12,0,XiangFuren
03/17/2018 05:16:17,96,XiangFuren
03/17/2018 05:16:17,0,XiangFuren
03/17/2018 05:16:25,243.92,XiangFuren
03/17/2018 05:16:25,0,XiangFuren
03/17/2018 05:16:25,0,XiangFuren
03/17/2018 05:16:33,143.12,XiangFuren
03/17/2018 05:16:33,0,XiangFuren
03/17/2018 05:16:33,0,XiangFuren
03/17/2018 05:17:30,243.92,XiangFuren
03/17/2018 05:17:30,0,XiangFuren
03/17/2018 05:17:30,0,XiangFuren
03/17/2018 05:17:37,166.66,XiangFuren
03/17/2018 05:17:37,0,XiangFuren
03/17/2018 05:17:55,191.24,Cyber Port
03/17/2018 05:17:55,0,Cyber Port
03/17/2018 05:17:55,0,Cyber Port
03/17/2018 05:17:55,0,Cyber Port
03/17/2018 06:59:19,167.05,Cyber Port
03/17/2018 06:59:19,0,Cyber Port
03/17/2018 06:59:19,0,Cyber Port
03/17/2018 06:59:31,75.72,Cyber Port
03/17/2018 06:59:31,0,Cyber Port
03/17/2018 06:59:31,0,Cyber Port
03/17/2018 07:48:51,62.53,Cyber Port
03/17/2018 07:48:51,0,Cyber Port
03/17/2018 07:49:01,0,Cyber Port
03/17/2018 07:49:01,0,Cyber Port
03/18/2018 06:22:29,366.41,Cyber Port
03/18/2018 06:22:29,0,Cyber Port
03/18/2018 06:22:29,0,Cyber Port
03/18/2018 06:22:29,0,Cyber Port
03/18/2018 06:22:38,170.23,Cyber Port
03/18/2018 06:22:38,0,Cyber Port
03/18/2018 06:22:38,0,Cyber Port
03/18/2018 06:22:38,0,Cyber Port
03/18/2018 06:22:38,0,Cyber Port
03/27/2018 09:00:26,74,GloryFruits
03/18/2018 06:23:17,46,GloryFruits
03/18/2018 06:23:17,0,GloryFruits
03/18/2018 06:23:17,0,GloryFruits
03/18/2018 06:23:17,0,GloryFruits
03/18/2018 06:23:26,14.5,GloryFruits
03/18/2018 06:23:26,0,GloryFruits
03/18/2018 06:23:26,0,GloryFruits
03/18/2018 06:23:33,12,GloryFruits
03/18/2018 06:23:38,18,GloryFruits
03/18/2018 06:23:38,0,GloryFruits
03/18/2018 06:24:45,116,GloryFruits
03/18/2018 06:24:45,0,GloryFruits
03/18/2018 06:24:56,37,GloryFruits
03/18/2018 06:24:56,0,GloryFruits
03/18/2018 09:00:52,0,Main Outlet
03/18/2018 09:00:52,0,Main Outlet
03/18/2018 09:00:52,0,Main Outlet
03/18/2018 09:00:52,0,Main Outlet
03/18/2018 09:01:00,841.89,Main Outlet
03/18/2018 09:01:00,0,Main Outlet
03/18/2018 09:01:00,0,Main Outlet
03/18/2018 09:01:47,467.36,XiangFuren
03/18/2018 09:01:47,0,XiangFuren
03/18/2018 09:01:47,0,XiangFuren
03/18/2018 09:01:47,0,XiangFuren
03/18/2018 09:01:57,419.12,XiangFuren
03/18/2018 09:01:57,0,XiangFuren
03/18/2018 09:01:57,0,XiangFuren
03/18/2018 09:01:57,0,XiangFuren
03/18/2018 09:02:22,94.62,XiangFuren
03/18/2018 09:02:22,0,XiangFuren
03/18/2018 09:02:22,0,XiangFuren
03/18/2018 09:02:32,309.68,XiangFuren
03/18/2018 09:02:32,0,XiangFuren
03/18/2018 09:02:32,0,XiangFuren
03/18/2018 09:02:32,0,XiangFuren
03/18/2018 09:02:32,0,XiangFuren
03/18/2018 09:02:32,0,XiangFuren
03/18/2018 09:02:32,0,XiangFuren
03/18/2018 09:02:32,0,XiangFuren
03/19/2018 07:44:23,0,Cyber Port
03/19/2018 07:44:23,0,Cyber Port
03/19/2018 07:45:02,268.83,Cyber Port
03/20/2018 03:21:14,36,GloryFruits
03/19/2018 07:45:02,0,Cyber Port
03/19/2018 07:45:02,0,Cyber Port
03/19/2018 07:45:39,36,GloryFruits
03/19/2018 07:45:39,0,GloryFruits
03/19/2018 07:45:47,54,GloryFruits
03/19/2018 07:45:47,0,GloryFruits
03/19/2018 07:45:47,0,GloryFruits
03/19/2018 07:45:56,18,GloryFruits
03/19/2018 07:45:56,0,GloryFruits
03/19/2018 07:58:56,286.62,XiangFuren
03/19/2018 07:58:56,0,XiangFuren
03/19/2018 07:58:56,0,XiangFuren
03/19/2018 07:58:56,0,XiangFuren
03/19/2018 08:54:37,245.6,XiangFuren
03/19/2018 08:54:37,0,XiangFuren
03/19/2018 08:54:37,0,XiangFuren
03/19/2018 08:54:37,0,XiangFuren
03/19/2018 09:01:38,37.44,XiangFuren
03/19/2018 09:03:55,171.43,Cyber Port
03/19/2018 09:03:55,0,Cyber Port
03/19/2018 09:03:55,0,Cyber Port
03/19/2018 09:03:55,0,Cyber Port
03/19/2018 09:04:29,42,GloryFruits
03/19/2018 09:04:29,0,GloryFruits
03/20/2018 03:24:14,0,GloryFruits
03/20/2018 03:24:14,0,GloryFruits
03/20/2018 03:58:43,18,GloryFruits
03/20/2018 03:58:43,0,GloryFruits
03/20/2018 04:12:11,54,GloryFruits
03/20/2018 04:12:11,0,GloryFruits
03/20/2018 04:12:21,73,GloryFruits
03/18/2018 10:21:59,0,XiangFuren
03/20/2018 04:12:21,0,GloryFruits
03/21/2018 16:00:02,96,XiangFuren
03/20/2018 04:12:21,0,GloryFruits
03/21/2018 16:00:02,0,XiangFuren
03/20/2018 04:12:21,0,GloryFruits
03/20/2018 07:21:33,140,Cyber Port
03/20/2018 07:21:33,0,Cyber Port
03/20/2018 07:23:30,92.9,Main Outlet
03/20/2018 07:23:30,0,Main Outlet
03/20/2018 07:23:30,0,Main Outlet
03/20/2018 07:56:21,54.99,Main Outlet
03/20/2018 07:56:21,0,Main Outlet
03/20/2018 07:56:28,340.99,Main Outlet
03/20/2018 07:58:22,10.5,XiangFuren
03/20/2018 07:58:22,0,XiangFuren
03/20/2018 07:58:39,169.6,XiangFuren
03/20/2018 07:58:39,0,XiangFuren
03/20/2018 07:58:39,0,XiangFuren
03/20/2018 08:00:02,33.04,XiangFuren
03/20/2018 08:00:02,0,XiangFuren
03/20/2018 08:00:02,0,XiangFuren
03/20/2018 08:02:53,278.42,XiangFuren
03/20/2018 08:02:53,0,XiangFuren
03/20/2018 08:02:53,0,XiangFuren
03/21/2018 16:00:43,0,Cyber Port
03/21/2018 16:01:18,95.99,Main Outlet
03/21/2018 16:01:18,0,Main Outlet
03/21/2018 16:01:18,0,Main Outlet
03/21/2018 16:01:24,6,Main Outlet
03/27/2018 09:00:26,0,GloryFruits
03/21/2018 16:01:33,147.96,Main Outlet
03/27/2018 09:00:26,0,GloryFruits
03/21/2018 16:01:33,0,Main Outlet
03/21/2018 16:01:33,0,Main Outlet
03/21/2018 16:01:33,0,Main Outlet
03/22/2018 02:43:33,117.44,XiangFuren
03/22/2018 02:43:33,0,XiangFuren
03/22/2018 02:43:33,0,XiangFuren
03/22/2018 02:56:43,110.3,XiangFuren
03/22/2018 02:56:43,0,XiangFuren
03/22/2018 02:56:43,0,XiangFuren
03/22/2018 02:56:43,0,XiangFuren
03/22/2018 02:59:56,152.53,Cyber Port
03/22/2018 02:59:56,0,Cyber Port
03/22/2018 02:59:56,0,Cyber Port
03/22/2018 03:05:10,24,GloryFruits
03/22/2018 03:05:10,0,GloryFruits
03/22/2018 03:05:10,0,GloryFruits
03/22/2018 03:05:24,41,GloryFruits
03/22/2018 03:05:24,0,GloryFruits
03/22/2018 03:05:24,0,GloryFruits
03/22/2018 03:06:10,80,GloryFruits
03/22/2018 03:55:41,0,Main Outlet
03/22/2018 03:55:41,0,Main Outlet
03/22/2018 03:55:41,0,Main Outlet
03/22/2018 03:55:58,198.62,XiangFuren
03/22/2018 03:55:58,0,XiangFuren
03/22/2018 03:55:58,0,XiangFuren
03/22/2018 03:57:00,1.68,XiangFuren
03/22/2018 05:16:23,560.3,XiangFuren
03/22/2018 05:16:23,0,XiangFuren
03/22/2018 05:16:23,0,XiangFuren
03/22/2018 05:16:23,0,XiangFuren
03/22/2018 05:16:41,168.95,Cyber Port
03/22/2018 05:16:41,0,Cyber Port
03/22/2018 05:16:41,0,Cyber Port
03/22/2018 05:16:41,0,Cyber Port
03/22/2018 05:16:58,196.23,Cyber Port
03/22/2018 05:16:58,0,Cyber Port
03/22/2018 05:16:58,0,Cyber Port
03/22/2018 05:16:58,0,Cyber Port
03/22/2018 05:16:58,0,Cyber Port
03/22/2018 05:17:09,12,GloryFruits
03/22/2018 05:17:17,39,GloryFruits
03/22/2018 05:17:17,0,GloryFruits
03/22/2018 05:17:32,91,GloryFruits
03/23/2018 07:55:26,0,Cyber Port
03/26/2018 02:15:56,40,GloryFruits
03/23/2018 07:55:45,92.78,Cyber Port
03/26/2018 02:16:40,4,GloryFruits
03/23/2018 07:55:45,0,Cyber Port
03/26/2018 02:17:15,0,Cyber Port
03/23/2018 07:55:45,0,Cyber Port
03/23/2018 07:55:45,0,Cyber Port
03/23/2018 07:55:45,0,Cyber Port
03/23/2018 07:55:56,87.38,Cyber Port
03/23/2018 07:55:56,0,Cyber Port
03/23/2018 07:55:56,0,Cyber Port
03/23/2018 07:56:52,42,GloryFruits
03/23/2018 07:56:52,0,GloryFruits
03/23/2018 07:56:52,0,GloryFruits
03/23/2018 07:57:01,26,GloryFruits
03/23/2018 07:57:01,0,GloryFruits
03/23/2018 07:57:01,0,GloryFruits
03/23/2018 07:57:21,109,GloryFruits
03/23/2018 07:57:21,0,GloryFruits
03/23/2018 07:57:30,37,GloryFruits
03/23/2018 07:58:38,104,GloryFruits
03/23/2018 07:58:38,0,GloryFruits
03/23/2018 07:58:46,18,GloryFruits
03/23/2018 07:59:45,0,Main Outlet
03/23/2018 07:59:45,0,Main Outlet
03/23/2018 07:59:57,576.92,Main Outlet
03/23/2018 07:59:57,0,Main Outlet
03/23/2018 07:59:57,0,Main Outlet
03/23/2018 07:59:57,0,Main Outlet
03/23/2018 07:59:57,0,Main Outlet
03/23/2018 08:00:06,130.97,Main Outlet
03/23/2018 08:00:06,0,Main Outlet
03/23/2018 08:01:16,625.36,XiangFuren
03/23/2018 08:01:16,0,XiangFuren
03/23/2018 08:01:16,0,XiangFuren
03/23/2018 08:01:16,0,XiangFuren
03/23/2018 08:01:16,0,XiangFuren
03/23/2018 08:01:29,602.66,XiangFuren
03/23/2018 08:01:29,0,XiangFuren
03/23/2018 08:01:29,0,XiangFuren
03/29/2018 03:11:17,0,Cyber Port
03/26/2018 02:17:15,0,Cyber Port
03/26/2018 02:17:15,0,Cyber Port
03/26/2018 02:17:15,0,Cyber Port
03/26/2018 02:19:24,145.41,Cyber Port
03/26/2018 02:19:24,0,Cyber Port
03/29/2018 03:11:17,0,Cyber Port
03/26/2018 02:19:24,0,Cyber Port
03/26/2018 02:19:37,1.24,Cyber Port
03/26/2018 02:21:24,101.98,Main Outlet
03/26/2018 02:21:24,0,Main Outlet
03/26/2018 02:21:24,0,Main Outlet
03/26/2018 02:22:02,94.62,XiangFuren
03/26/2018 02:22:02,0,XiangFuren
03/26/2018 02:22:02,0,XiangFuren
03/26/2018 02:22:09,317.64,XiangFuren
03/26/2018 02:22:09,0,XiangFuren
03/26/2018 02:22:09,0,XiangFuren
03/26/2018 02:23:35,246.98,XiangFuren
03/26/2018 02:23:35,0,XiangFuren
03/26/2018 02:23:35,0,XiangFuren
03/26/2018 02:23:41,152.66,XiangFuren
03/26/2018 02:23:41,0,XiangFuren
03/26/2018 02:24:19,28,GloryFruits
03/26/2018 02:24:19,0,GloryFruits
03/26/2018 02:24:19,0,GloryFruits
03/26/2018 02:24:43,18,GloryFruits
03/26/2018 02:24:43,0,GloryFruits
03/26/2018 02:24:50,42,GloryFruits
03/26/2018 02:24:50,0,GloryFruits
03/26/2018 02:39:12,6,GloryFruits
03/27/2018 09:00:38,55,GloryFruits
03/28/2018 01:54:19,29,GloryFruits
03/27/2018 09:00:38,0,GloryFruits
03/27/2018 09:00:38,0,GloryFruits
03/27/2018 09:01:19,190.97,Cyber Port
03/28/2018 01:54:08,0,GloryFruits
03/27/2018 09:01:19,0,Cyber Port
03/28/2018 01:54:19,0,GloryFruits
03/27/2018 09:01:19,0,Cyber Port
03/28/2018 01:55:23,152.53,Cyber Port
03/27/2018 09:01:19,0,Cyber Port
03/27/2018 09:01:19,0,Cyber Port
03/27/2018 09:01:57,158.9,Cyber Port
03/28/2018 01:54:08,42,GloryFruits
03/27/2018 09:01:57,0,Cyber Port
03/27/2018 09:01:57,0,Cyber Port
03/27/2018 09:06:58,177.38,Cyber Port
03/27/2018 09:06:58,0,Cyber Port
03/27/2018 09:06:58,0,Cyber Port
03/27/2018 09:06:58,0,Cyber Port
03/27/2018 09:07:05,165.72,Cyber Port
03/27/2018 09:07:05,0,Cyber Port
03/27/2018 09:07:05,0,Cyber Port
03/27/2018 09:07:05,0,Cyber Port
03/27/2018 09:07:40,507.95,Main Outlet
03/27/2018 09:07:40,0,Main Outlet
03/27/2018 09:07:40,0,Main Outlet
03/27/2018 09:07:40,0,Main Outlet
03/27/2018 09:07:40,0,Main Outlet
03/27/2018 09:07:40,0,Main Outlet
03/27/2018 09:07:40,0,Main Outlet
03/27/2018 09:07:40,0,Main Outlet
03/27/2018 09:08:11,110.3,XiangFuren
03/27/2018 09:08:11,0,XiangFuren
03/27/2018 09:08:11,0,XiangFuren
03/27/2018 09:08:11,0,XiangFuren
03/27/2018 09:14:42,110.3,XiangFuren
03/27/2018 09:14:42,0,XiangFuren
03/27/2018 09:14:42,0,XiangFuren
03/27/2018 09:14:42,0,XiangFuren
03/27/2018 09:14:48,168.34,XiangFuren
03/27/2018 09:14:48,0,XiangFuren
03/27/2018 09:14:48,0,XiangFuren
03/27/2018 09:17:22,26,GloryFruits
03/27/2018 09:17:31,0,GloryFruits
03/27/2018 09:38:05,66,GloryFruits
03/27/2018 09:38:05,0,GloryFruits
03/29/2018 03:11:17,0,Cyber Port
03/28/2018 01:55:23,0,Cyber Port
03/28/2018 01:55:39,42,GloryFruits
03/28/2018 01:55:39,0,GloryFruits
03/28/2018 01:55:39,0,GloryFruits
03/28/2018 01:56:25,52,GloryFruits
03/28/2018 01:56:25,0,GloryFruits
03/29/2018 03:11:17,310.12,Cyber Port
03/28/2018 01:56:25,0,GloryFruits
03/28/2018 01:56:30,18,GloryFruits
03/28/2018 01:56:30,0,GloryFruits
03/28/2018 02:11:30,42,GloryFruits
03/28/2018 02:11:30,0,GloryFruits
03/28/2018 02:11:41,24,GloryFruits
03/28/2018 02:12:43,196.99,Main Outlet
03/28/2018 02:12:43,0,Main Outlet
03/28/2018 02:12:43,0,Main Outlet
03/28/2018 02:12:43,0,Main Outlet
03/28/2018 02:16:07,364.98,Main Outlet
03/28/2018 02:16:07,0,Main Outlet
03/28/2018 02:16:07,0,Main Outlet
03/28/2018 02:16:13,171.89,Main Outlet
03/28/2018 02:16:13,0,Main Outlet
03/28/2018 02:16:13,0,Main Outlet
03/28/2018 02:16:50,292.5,XiangFuren
03/28/2018 02:16:50,0,XiangFuren
03/28/2018 02:16:50,0,XiangFuren
03/28/2018 02:16:50,0,XiangFuren
03/28/2018 02:16:57,2.94,XiangFuren
03/28/2018 02:17:17,225.72,Cyber Port
03/28/2018 02:17:17,0,Cyber Port
03/28/2018 02:17:17,0,Cyber Port
03/28/2018 09:26:27,500,Cyber Port
03/28/2018 09:26:27,0,Cyber Port
03/28/2018 09:26:37,192.07,Cyber Port
03/28/2018 09:26:37,0,Cyber Port
03/28/2018 09:26:37,0,Cyber Port
03/29/2018 03:11:17,0,Cyber Port
03/29/2018 03:11:17,0,Cyber Port
03/29/2018 03:11:17,0,Cyber Port
03/29/2018 03:11:17,0,Cyber Port
03/29/2018 03:11:17,0,Cyber Port
03/29/2018 03:11:17,0,Cyber Port
03/29/2018 03:11:17,0,Cyber Port
03/29/2018 03:11:17,0,Cyber Port
03/29/2018 03:11:17,0,Cyber Port
03/29/2018 03:11:17,0,Cyber Port
03/29/2018 03:11:17,0,Cyber Port
03/29/2018 03:11:17,0,Cyber Port
03/29/2018 03:11:40,210.27,Cyber Port
03/29/2018 03:11:40,0,Cyber Port
03/29/2018 03:11:40,0,Cyber Port
03/29/2018 03:11:40,0,Cyber Port
03/29/2018 03:11:40,0,Cyber Port
03/29/2018 03:12:16,267.28,XiangFuren
03/29/2018 03:12:16,0,XiangFuren
03/29/2018 03:12:16,0,XiangFuren
03/29/2018 03:12:16,0,XiangFuren
03/29/2018 03:12:16,0,XiangFuren
03/29/2018 03:12:16,0,XiangFuren
03/29/2018 03:12:23,206.3,XiangFuren
03/29/2018 03:12:23,0,XiangFuren
03/29/2018 03:12:23,0,XiangFuren
03/29/2018 03:12:23,0,XiangFuren
03/29/2018 03:12:23,0,XiangFuren
03/29/2018 03:12:23,0,XiangFuren
03/29/2018 03:12:57,381.88,Main Outlet
03/29/2018 03:12:57,0,Main Outlet
03/29/2018 03:12:57,0,Main Outlet
03/29/2018 03:12:57,0,Main Outlet
03/29/2018 03:12:57,0,Main Outlet
03/29/2018 03:12:57,0,Main Outlet
03/29/2018 03:13:03,421.9,Main Outlet
03/29/2018 03:13:03,0,Main Outlet
03/29/2018 03:13:03,0,Main Outlet
03/29/2018 03:13:03,0,Main Outlet
03/29/2018 03:13:03,0,Main Outlet
03/29/2018 03:13:50,56,Main Outlet
03/29/2018 03:13:50,0,Main Outlet
03/29/2018 03:13:45,208.87,Main Outlet
03/29/2018 03:13:45,0,Main Outlet
03/29/2018 03:13:45,0,Main Outlet
03/29/2018 03:13:45,0,Main Outlet
03/29/2018 03:13:45,0,Main Outlet
03/29/2018 03:14:34,26,GloryFruits
03/29/2018 03:14:34,0,GloryFruits
03/29/2018 03:14:34,0,GloryFruits
03/29/2018 03:14:51,50,GloryFruits
03/29/2018 03:14:51,0,GloryFruits
03/29/2018 03:14:51,0,GloryFruits
03/29/2018 03:14:51,0,GloryFruits
03/29/2018 03:15:00,43,GloryFruits
03/29/2018 03:15:00,0,GloryFruits
03/29/2018 03:15:00,0,GloryFruits
03/29/2018 03:15:28,18,GloryFruits
03/29/2018 03:15:28,0,GloryFruits
03/29/2018 03:16:03,56,GloryFruits
03/29/2018 03:16:03,0,GloryFruits
03/29/2018 03:16:12,34,GloryFruits
03/29/2018 04:25:28,330.11,Cyber Port
03/29/2018 04:25:28,0,Cyber Port
03/29/2018 04:25:28,0,Cyber Port
03/29/2018 04:25:28,0,Cyber Port
03/29/2018 04:25:40,8.16,Cyber Port
03/29/2018 04:25:40,0,Cyber Port
03/29/2018 04:25:49,265.06,Cyber Port
03/29/2018 04:25:49,0,Cyber Port
03/29/2018 04:25:49,0,Cyber Port
03/29/2018 04:25:49,0,Cyber Port
03/29/2018 04:25:49,0,Cyber Port
03/29/2018 04:25:49,0,Cyber Port
03/29/2018 04:26:29,130.59,Cyber Port
03/29/2018 04:26:29,0,Cyber Port
03/29/2018 04:26:29,0,Cyber Port
03/29/2018 04:26:36,34.04,Cyber Port
03/29/2018 04:26:36,0,Cyber Port
03/29/2018 04:27:57,38.17,Cyber Port
03/29/2018 04:27:57,0,Cyber Port
03/29/2018 04:27:57,0,Cyber Port
03/29/2018 04:33:46,114,GloryFruits
03/29/2018 04:33:46,0,GloryFruits
03/29/2018 04:34:34,573.83,Main Outlet
03/29/2018 04:34:34,0,Main Outlet
03/29/2018 04:34:34,0,Main Outlet
03/29/2018 04:34:34,0,Main Outlet
03/29/2018 04:34:47,657.18,Main Outlet
03/29/2018 04:34:47,0,Main Outlet
03/29/2018 04:34:47,0,Main Outlet
03/29/2018 04:36:23,512.85,Main Outlet
03/29/2018 04:36:23,0,Main Outlet
03/29/2018 04:36:23,0,Main Outlet
03/29/2018 04:36:37,248.54,XiangFuren
03/29/2018 04:36:37,0,XiangFuren
03/29/2018 04:36:37,0,XiangFuren
03/29/2018 04:36:37,0,XiangFuren
03/29/2018 04:36:37,0,XiangFuren
03/29/2018 04:38:28,116.3,XiangFuren
03/29/2018 04:38:28,0,XiangFuren
03/29/2018 04:38:28,0,XiangFuren
03/29/2018 04:38:28,0,XiangFuren
03/29/2018 04:38:28,0,XiangFuren
03/29/2018 04:41:11,120,XiangFuren
03/29/2018 04:41:11,0,XiangFuren
03/29/2018 07:10:53,246.98,XiangFuren
03/29/2018 07:10:53,0,XiangFuren
03/29/2018 07:10:53,0,XiangFuren
